{
    "userDetailsArray": [
        {   
            "firstName": "John",
            "lastName": "Doe",
            "username": "johndoe",
            "creatorID": "0001",
            "DOB": "01/01/1990",
            "faculty": "Campus Central",
            "gender": "Male",
            "emailAddress": "johndoe@gmail.com",
            "password": "password",

            "isAdmin": "true",
            "adminID": "0001"

        },
        {
            "firstName": "Jane",
            "lastName": "Doe",
            "username": "janedoe",
            "creatorID": "0002",
            "DOB": "02/02/1991",
            "faculty": "Management",
            "gender": "Female",
            "emailAddress": "janedoe@gmail.com",
            "password": "password",

            "isAdmin": "false",
            "adminID": "NULL"

        },
        {
            "firstName": "Tom",
            "lastName": "Smith",
            "username": "tomsmith",
            "creatorID": "0003",
            "DOB": "03/03/1992",
            "faculty": "Finance",
            "gender": "Male",
            "emailAddress": "tomsmith@gmail.com",
            "password": "password",

            "isAdmin": "false",
            "adminID": "NULL"

        }
    ]
}