[
    {
        "answersList": [
            {
                "questionID": 1,
                "answer": "Hell naw",
                "answerNo": 0
            },
            {
                "questionID": 2,
                "answer": "Maybe"
            }
        ],
        "respondentID": 1
    },
    {
        "answersList": [
            {
                "questionID": 1,
                "answer": ""
            },
            {
                "questionID": 2,
                "answer": "false"
            },
            {
                "questionID": 3,
                "answer": "ddfghjk"
            },
            {
                "questionID": 4,
                "answer": ""
            },
            {
                "questionID": 5,
                "answer": "Hi"
            }
        ],
        "respondentID": 2
    }
]