{
    "questionsList": [
        {
            "isRequired": "Optional",
            "questionID": 1,
            "questionType": "Multiple Choice",
            "questionText": "Pickle Rick Astley",
            "answerOptions": [
                "I think",
                "I'm getting",
                "an aneurysm",
                "HAHHAAHHAHAHA"
            ]
        },
        {
            "isRequired": "Optional",
            "questionID": 2,
            "questionType": "Polar",
            "questionText": "Something else\n"
        },
        {
            "isRequired": "Optional",
            "questionID": 3,
            "questionType": "Multiple Choice",
            "questionText": "Sekai",
            "answerOptions": [
                "ddfghjk"
            ]
        },
        {
            "isRequired": "Optional",
            "questionID": 4,
            "questionType": "Multiple Choice",
            "questionText": "Ohayo",
            "answerOptions": [
                "2dfghjk"
            ]
        },
        {
            "isRequired": "Optional",
            "optionMax": "MURICA!!!",
            "questionID": 5,
            "optionMin": "Germany, 1945",
            "optionDivisions": 7,
            "questionType": "Scale",
            "questionText": "How free are you 2nite?"
        }
    ],
    "description": "Meaning is meaningless",
    "title": "Bill Cipher"
}