{"questionsList":[{"isRequired":"Required","questionID":1,"questionType":"Multiple Choice","questionText":"Do you like me?","answerOptions":["Yes","Definitely","Absolutely","Other"]},{"isRequired":"Optional","questionID":2,"questionType":"Open Ended","questionText":"If you answered yes to the previous question, why?"},{"isRequired":"Required","questionID":3,"questionType":"Polar","questionText":"Buy gold?"},{"isRequired":"Optional","optionMax":"MURICA!!!","questionID":4,"optionMin":"Germany, 1945","optionDivisions":5,"questionType":"Scale","questionText":"How free are you 2nite?"}],"description":"Reality is an illlusion","title":"Something here"}